0,0,-65
1,0,-65
2,0,-66
3,0,-63
4,0,-61
5,0,-63
6,0,-64
7,0,-61
8,0,-62
9,0,-66
10,0,-62
11,0,-64
12,0,-65
13,0,-63
14,0,-66
15,0,-63
16,0,-64
17,0,-64
18,0,-64
19,0,-64
20,0,-65
21,0,-66
22,0,-66
23,0,-63
24,0,-59
25,0,-65
26,0,-65
27,0,-61
28,0,-64
29,0,-58
30,0,-58
31,0,-63
32,0,-62
33,0,-62
34,0,-64
35,0,-64
36,0,-65
37,0,-66
38,0,-65
39,0,-64
40,0,-64
41,0,-62
42,0,-64
43,0,-65
44,0,-64
45,0,-51
46,0,-64
47,0,-64
48,0,-64
49,0,-66
50,0,-64
51,0,-62
52,0,-64
53,0,-66
54,0,-62
55,0,-65
56,0,-66
57,0,-62
58,0,-64
59,0,-62
60,0,-64
61,0,-65
62,0,-60
63,0,-66
64,0,-63
65,0,-63
66,0,-65
67,0,-64
68,0,-65
69,0,-59
70,0,-63
71,0,-64
72,0,-64
73,0,-65
74,0,-64
75,0,-56
76,0,-65
77,0,-64
78,0,-66
79,0,-58
80,0,-63
81,0,-64
82,0,-63
83,0,-64
84,0,-66
85,0,-63
86,0,-60
87,0,-63
88,0,-61
89,0,-62
90,0,-58
91,0,-66
92,0,-63
93,0,-62
94,0,-43
95,0,-63
96,0,-56
97,0,-66
98,0,-56
99,0,-54
100,0,-64
101,0,-66
102,0,-63
103,0,-64
104,0,-51
105,0,-50
106,0,-52
107,0,-66
108,0,-62
109,0,-64
110,0,-59
111,0,-64
112,0,-58
113,0,-57
114,0,-28
115,0,-66
116,0,-58
117,0,-62
118,0,-62
119,0,-61
120,0,-62
121,0,-63
122,0,-63
123,0,-63
124,0,-61
125,0,-60
126,0,-60
127,0,-56
128,0,-50
129,0,-57
130,0,-53
131,0,-61
132,0,-58
133,0,-57
134,0,-63
135,0,-59
136,0,-60
137,0,-63
138,0,-59
139,0,-49
140,0,-44
141,0,-29
142,0,-56
143,0,-61
144,0,-59
145,0,-47
146,0,-64
147,0,-63
148,0,-33
149,0,-63
150,0,-47
151,0,-54
152,0,-39
153,0,-53
154,0,-60
155,0,-55
156,0,-51
157,0,-62
158,0,-52
159,0,-61
160,0,-62
161,0,-42
162,0,-61
163,0,-58
164,0,-59
165,0,-50
166,0,-55
167,0,-61
168,0,-53
169,0,-59
170,0,-64
171,0,-55
172,0,-54
173,0,-56
174,0,-50
175,0,-52
176,0,-52
177,0,-46
178,0,-53
179,0,-57
180,0,-64
181,0,-43
182,0,-29
183,0,-53
184,0,-52
185,0,-52
186,0,-47
187,0,-20
188,0,-53
189,0,-55
190,0,-51
191,0,-54
192,0,-38
193,0,-43
194,0,-63
195,0,-1
196,0,-38
197,0,-62
198,0,-58
199,0,-42
200,0,-32
201,0,-36
202,0,-51
203,0,-62
204,0,-38
205,0,-7
206,0,-13
207,0,-59
208,0,-56
209,0,3
210,0,-53
211,0,-52
212,0,-53
213,0,-53
214,0,-55
215,0,-58
216,0,-54
217,0,-55
218,0,-48
219,0,-56
220,0,-55
221,0,-45
222,0,-42
223,0,-47
224,0,-51
225,0,-49
226,0,0
227,0,-52
228,0,-22
229,0,-56
230,0,-53
231,0,-43
232,0,-58
233,0,5
234,0,-51
235,0,-43
236,0,-46
237,0,-41
238,0,-43
239,0,-59
240,0,-14
241,0,-41
242,0,-33
243,0,-34
244,0,-58
245,0,-55
246,0,-34
247,0,-57
248,0,-47
249,0,-29
250,0,-32
251,0,-33
252,0,-10
253,0,-49
254,0,-34
255,0,-55
256,0,-34
257,0,-51
258,0,-54
259,0,5
260,0,-44
261,0,-15
262,0,-40
263,0,-38
264,0,-40
265,0,-19
266,0,-16
267,0,-53
268,0,-10
269,0,-51
270,0,-62
271,0,5
272,0,-22
273,0,-43
274,0,-37
275,0,-34
276,0,-49
277,0,5
278,0,-42
279,0,-51
280,0,-40
281,0,-35
282,0,-50
283,0,-20
284,0,5
285,0,-58
286,0,5
287,0,5
288,0,-51
289,0,-50
290,0,5
291,0,-56
292,0,-51
293,0,-19
294,0,5
295,0,-26
296,0,-14
297,0,5
298,0,-49
299,0,-36
300,0,-28
301,0,-41
302,0,-29
303,0,-25
304,0,5
305,0,0
306,0,5
307,0,-52
308,0,-43
309,0,5
310,0,-57
311,0,5
312,0,22
313,0,-64
314,0,5
315,0,12
316,0,-12
317,0,-13
318,0,-35
319,0,-28
320,0,-41
321,0,8
322,0,-13
323,1,81
324,0,-52
325,0,-29
326,0,-40
327,0,5
328,0,-11
329,0,-14
330,0,-54
331,0,-31
332,0,-37
333,0,-32
334,0,5
335,0,5
336,0,5
337,0,-56
338,0,5
339,0,-50
340,0,5
341,0,-27
342,0,34
343,0,-48
344,0,-57
345,0,5
346,0,-36
347,0,-55
348,0,-48
349,0,-33
350,0,-31
351,0,-40
352,0,-36
353,0,-50
354,0,-12
355,0,5
356,0,-15
357,0,5
358,0,-5
359,0,5
360,0,5
361,0,14
362,0,-64
363,0,-48
364,0,-46
365,0,-45
366,0,-35
367,0,-13
368,0,5
369,0,-10
370,0,8
371,0,-40
372,0,5
373,0,5
374,0,-26
375,0,5
376,0,5
377,0,5
378,0,-49
379,0,5
380,0,-38
381,0,7
382,1,71
383,0,5
384,0,13
385,0,5
386,0,-41
387,0,5
388,0,-28
389,0,-64
390,0,-39
391,0,-18
392,0,-27
393,0,-59
394,0,5
395,0,5
396,0,5
397,1,81
398,0,-60
399,0,5
400,0,16
401,0,5
402,0,-21
403,1,81
404,0,5
405,0,-41
406,0,-12
407,0,-33
408,0,5
409,0,5
410,0,5
411,0,-24
412,0,5
413,0,5
414,0,2
415,0,-10
416,0,5
417,0,-10
418,0,-25
419,1,81
420,0,-34
421,0,5
422,0,5
423,0,20
424,0,5
425,0,7
426,0,-24
427,1,81
428,0,5
429,0,5
430,0,5
431,0,5
432,0,8
433,0,-42
434,0,5
435,0,-35
436,0,5
437,0,5
438,0,5
439,0,5
440,0,5
441,0,-25
442,0,18
443,0,5
444,0,5
445,0,5
446,1,96
447,0,5
448,1,98
449,0,5
450,0,5
451,0,-20
452,1,81
453,0,-27
454,0,5
455,1,81
456,0,8
457,0,5
458,0,9
459,0,5
460,2,157
461,0,-5
462,0,5
463,0,9
464,0,23
465,0,11
466,0,5
467,0,-37
468,0,-52
469,0,-43
470,0,6
471,0,-19
472,0,6
473,0,5
474,0,-13
475,0,5
476,0,5
477,0,-41
478,0,5
479,0,5
480,0,5
481,0,5
482,0,5
483,1,81
484,1,81
485,0,5
486,0,5
487,0,5
488,3,233
489,0,5
490,0,5
491,0,6
492,0,5
493,0,-25
494,1,84
495,0,-36
496,0,5
497,1,81
498,0,13
499,0,5
500,0,5
501,0,5
502,0,5
503,0,-64
504,2,157
505,0,5
506,2,157
507,0,13
508,0,5
509,0,5
510,0,-14
511,0,5
512,0,5
513,1,67
514,0,5
515,0,5
516,2,157
517,0,5
518,0,5
519,2,157
520,0,5
521,0,5
522,1,81
523,0,5
524,1,70
525,1,90
526,0,5
527,1,81
528,0,5
529,0,5
530,0,5
531,0,5
532,0,5
533,0,5
534,0,5
535,1,81
536,0,5
537,0,-8
538,0,5
539,0,5
540,0,5
541,0,5
542,0,22
543,1,81
544,0,5
545,0,5
546,0,-17
547,0,5
548,1,81
549,0,5
550,1,99
551,0,5
552,3,242
553,0,5
554,2,157
555,0,5
556,0,5
557,0,5
558,0,5
559,1,81
560,0,5
561,1,81
562,0,5
563,1,81
564,0,5
565,0,5
566,1,73
567,0,5
568,0,18
569,0,5
570,1,81
571,4,309
572,0,5
573,0,5
574,0,5
575,0,5
576,0,5
577,0,5
578,2,157
579,0,5
580,1,81
581,0,5
582,2,157
583,2,157
584,0,-20
585,1,81
586,2,157
587,1,83
588,1,81
589,0,22
590,0,5
591,0,-37
592,0,6
593,1,81
594,1,81
595,5,385
596,1,81
597,1,81
598,4,318
599,0,5
600,1,81
601,3,233
602,0,5
603,1,81
604,1,85
605,0,5
606,1,85
607,1,81
608,1,81
609,1,81
610,0,5
611,1,99
612,0,-3
613,0,5
614,1,81
615,7,537
616,1,81
617,0,5
618,1,81
619,3,233
620,0,11
621,0,-41
622,2,157
623,2,157
624,0,5
625,0,5
626,0,5
627,0,-42
628,0,5
629,0,-18
630,4,309
631,2,157
632,0,-55
633,0,5
634,1,81
635,1,81
636,0,-35
637,1,81
638,0,5
639,0,5
640,0,12
641,0,22
642,1,85
643,0,5
644,0,6
645,0,5
646,0,5
647,0,5
648,3,233
649,0,5
650,4,323
651,0,-44
652,1,81
653,1,91
654,1,81
655,2,157
656,0,17
657,0,23
658,3,233
659,1,90
660,5,385
661,0,-15
662,2,157
663,6,461
664,5,385
665,0,5
666,3,233
667,1,100
668,6,461
669,0,8
670,0,11
671,10,765
672,2,162
673,1,81
674,4,309
675,1,81
676,0,5
677,0,5
678,2,157
679,2,157
680,8,613
681,5,385
682,8,613
683,0,21
684,6,461
685,3,233
686,0,5
687,3,233
688,4,309
689,0,5
690,9,689
691,2,157
692,1,81
693,1,81
694,7,537
695,1,81
696,0,5
697,1,81
698,0,7
699,4,309
700,0,5
701,0,14
702,0,5
703,9,689
704,5,393
705,0,5
706,0,5
707,1,81
708,1,81
709,0,-32
710,9,689
711,1,87
712,5,385
713,1,81
714,1,81
715,0,5
716,1,81
717,0,5
718,0,1
719,7,547
720,0,5
721,0,10
722,8,620
723,0,5
724,0,22
725,4,312
726,5,385
727,0,5
728,0,-24
729,6,461
730,2,155
731,2,157
732,2,175
733,11,852
734,13,993
735,0,5
736,2,157
737,2,157
738,0,-59
739,0,5
740,0,-58
741,1,81
742,3,233
743,4,309
744,3,233
745,1,81
746,2,147
747,0,-29
748,0,5
749,10,765
750,3,233
751,1,84
752,2,157
753,1,81
754,1,81
755,2,157
756,5,385
757,8,613
758,0,9
759,0,5
760,2,157
761,7,537
762,0,-58
763,4,324
764,1,81
765,0,5
766,5,395
767,5,385
768,1,81
769,2,157
770,1,81
771,3,233
772,2,157
773,6,461
774,0,13
775,3,245
776,5,385
777,3,233
778,0,-56
779,4,309
780,11,841
781,5,385
782,1,92
783,6,460
784,3,210
785,10,765
786,6,449
787,0,-57
788,2,157
789,1,85
790,5,385
791,0,-55
792,10,765
793,0,5
794,4,309
795,5,385
796,7,537
797,1,81
798,2,157
799,9,705
800,2,169
801,2,157
802,7,537
803,8,613
804,1,81
805,12,917
806,4,309
807,2,157
808,3,233
809,2,157
810,0,21
811,2,173
812,0,-49
813,0,-52
814,0,0
815,5,385
816,0,-8
817,8,613
818,2,157
819,3,233
820,17,1297
821,2,157
822,15,1145
823,1,81
824,4,309
825,8,613
826,4,309
827,3,233
828,1,81
829,0,-18
830,3,233
831,4,309
832,3,227
833,3,233
834,2,157
835,3,233
836,3,233
837,6,461
838,3,233
839,0,-49
840,10,765
841,6,461
842,0,5
843,0,-29
844,4,309
845,0,5
846,3,221
847,8,613
848,2,157
849,2,157
850,4,309
851,6,461
852,3,233
853,4,309
854,0,5
855,8,613
856,7,537
857,4,309
858,0,10
859,0,5
860,2,157
861,3,233
862,11,841
863,4,309
864,1,81
865,3,233
866,2,157
867,10,765
868,2,157
869,2,157
870,2,157
871,2,157
872,4,309
873,3,233
874,1,81
875,0,5
876,3,233
877,5,385
878,3,233
879,0,5
880,3,233
881,2,157
882,2,157
883,1,81
884,8,613
885,2,157
886,4,309
887,2,157
888,8,610
889,2,155
890,9,689
891,4,309
892,0,-58
893,6,461
894,19,1449
895,3,233
896,3,233
897,1,81
898,5,385
899,0,8
900,1,81
901,11,841
902,1,81
903,6,461
904,5,385
905,2,157
906,10,765
907,7,537
908,1,81
909,0,4
910,2,136
911,6,461
912,0,5
913,11,841
914,3,233
915,2,157
916,2,157
917,3,233
918,6,461
919,1,81
920,1,81
921,0,5
922,3,233
923,7,537
924,5,385
925,2,157
926,0,5
927,9,689
928,4,309
929,2,157
930,21,1601
931,11,841
932,8,613
933,12,917
934,8,613
935,4,309
936,11,841
937,1,81
938,2,157
939,11,841
940,31,2361
941,5,385
942,1,81
943,4,309
944,9,689
945,3,233
946,10,765
947,4,309
948,5,385
949,1,81
950,3,252
951,4,309
952,16,1221
953,2,157
954,6,461
955,9,689
956,8,613
957,2,157
958,10,765
959,10,765
960,8,613
961,4,309
962,12,917
963,7,537
964,0,20
965,23,1753
966,6,461
967,7,537
968,7,537
969,0,23
970,0,5
971,7,537
972,1,81
973,0,-64
974,2,157
975,8,613
976,3,250
977,0,-58
978,2,157
979,6,461
980,2,157
981,8,613
982,5,385
983,1,81
984,5,385
985,10,765
986,0,-38
987,6,461
988,1,86
989,6,478
990,0,5
991,12,919
992,1,99
993,1,81
994,2,157
995,4,309
996,2,157
997,17,1297
998,3,233
999,6,461
1000,2,157
1001,1,81
1002,4,309
1003,6,461
1004,7,537
1005,2,157
1006,12,917
1007,2,157
1008,10,781
1009,5,388
1010,5,385
1011,3,233
1012,3,233
1013,0,-60
1014,5,385
1015,1,81
1016,4,309
1017,4,309
1018,2,175
1019,1,95
1020,9,689
1021,9,689
1022,3,233
1023,2,159
1024,1,81
1025,6,461
1026,7,536
1027,4,295
1028,1,81
1029,1,89
1030,5,385
1031,9,689
1032,15,1145
1033,1,81
1034,1,81
1035,4,309
1036,7,537
1037,3,233
1038,0,5
1039,0,22
1040,3,224
1041,1,81
1042,7,537
1043,10,765
1044,9,689
1045,3,233
1046,8,613
1047,3,233
1048,5,385
1049,7,553
1050,9,689
1051,6,461
1052,9,689
1053,3,250
1054,11,841
1055,1,81
1056,5,385
1057,3,233
1058,0,22
1059,1,81
1060,2,157
1061,4,328
1062,12,917
1063,10,765
1064,7,537
1065,4,309
1066,8,613
1067,4,309
1068,2,157
1069,1,81
1070,13,993
1071,10,765
1072,0,5
1073,3,233
1074,4,309
1075,1,81
1076,4,309
1077,7,537
1078,2,157
1079,3,251
1080,1,81
1081,18,1373
1082,17,1297
1083,8,613
1084,0,-64
1085,0,-64
1086,6,461
1087,15,1145
1088,3,233
1089,4,311
1090,2,157
1091,6,461
1092,3,233
1093,1,81
1094,0,22
1095,0,-57
1096,12,917
1097,3,233
1098,2,157
1099,3,233
1100,8,613
1101,7,537
1102,1,81
1103,7,537
1104,7,537
1105,5,385
1106,12,917
1107,5,385
1108,6,461
1109,3,233
1110,7,537
1111,0,-49
1112,5,385
1113,2,157
1114,1,81
1115,4,309
1116,1,81
1117,1,98
1118,7,537
1119,3,233
1120,10,765
1121,23,1753
1122,0,-64
1123,2,157
1124,1,81
1125,0,-52
1126,9,689
1127,5,391
1128,0,5
1129,10,765
1130,0,-64
1131,10,759
1132,2,157
1133,15,1145
1134,2,157
1135,0,-32
1136,1,81
1137,0,23
1138,7,554
1139,4,309
1140,7,537
1141,1,81
1142,3,233
1143,4,309
1144,2,157
1145,2,157
1146,2,157
1147,0,-49
1148,2,157
1149,3,233
1150,2,157
1151,7,537
1152,4,309
1153,1,81
1154,7,537
1155,3,233
1156,0,5
1157,7,537
1158,0,-29
1159,4,309
1160,9,689
1161,2,157
1162,2,157
1163,6,462
1164,1,81
1165,2,157
1166,4,309
1167,1,81
1168,5,385
1169,29,2209
1170,0,-12
1171,2,157
1172,7,537
1173,14,1069
1174,0,-16
1175,6,461
1176,4,309
1177,16,1221
1178,1,83
1179,11,841
1180,1,81
1181,0,-51
1182,6,476
1183,3,233
1184,8,613
1185,8,613
1186,5,385
1187,5,385
1188,1,81
1189,2,157
1190,24,1829
1191,0,-50
1192,3,233
1193,5,400
1194,1,81
1195,2,163
1196,17,1297
1197,2,157
1198,12,917
1199,0,5
1200,8,613
1201,13,993
1202,8,613
1203,3,228
1204,12,917
1205,7,537
1206,4,309
1207,1,81
1208,19,1449
1209,2,157
1210,49,3729
1211,21,1601
1212,13,993
1213,5,385
1214,1,74
1215,1,81
1216,5,385
1217,3,233
1218,11,841
1219,1,81
1220,1,81
1221,11,841
1222,2,157
1223,5,385
1224,1,81
1225,6,461
1226,1,81
1227,5,385
1228,2,152
1229,6,461
1230,5,385
1231,17,1290
1232,7,537
1233,1,81
1234,1,68
1235,1,66
1236,6,461
1237,2,157
1238,1,100
1239,2,157
1240,4,309
1241,2,157
1242,0,-64
1243,2,157
1244,2,157
1245,4,309
1246,2,157
1247,7,537
1248,7,527
1249,3,218
1250,2,157
1251,4,309
1252,4,318
1253,3,233
1254,1,81
1255,1,81
1256,13,993
1257,4,309
1258,1,81
1259,10,748
1260,7,537
1261,3,219
1262,36,2741
1263,11,841
1264,9,689
1265,5,385
1266,8,613
1267,9,689
1268,7,537
1269,1,81
1270,1,81
1271,13,993
1272,6,461
1273,3,233
1274,5,385
1275,7,551
1276,7,537
1277,3,233
1278,3,252
1279,2,157
1280,0,23
1281,8,613
1282,4,295
1283,1,81
1284,7,556
1285,1,81
1286,6,461
1287,11,841
1288,3,237
1289,0,5
1290,13,993
1291,0,22
1292,3,233
1293,7,537
1294,26,1981
1295,20,1525
1296,2,157
1297,18,1373
1298,1,81
1299,6,461
1300,6,461
1301,9,704
1302,15,1145
1303,17,1297
1304,9,702
1305,2,157
1306,1,81
1307,11,841
1308,2,173
1309,7,537
1310,16,1221
1311,0,6
1312,4,309
1313,1,98
1314,10,765
1315,3,233
1316,8,616
1317,2,157
1318,1,81
1319,14,1069
1320,4,327
1321,9,701
1322,3,233
1323,7,537
1324,1,100
1325,5,385
1326,1,81
1327,6,477
1328,0,24
1329,17,1315
1330,2,157
1331,1,81
1332,8,598
1333,4,309
1334,1,81
1335,9,689
1336,6,461
1337,4,309
1338,4,309
1339,2,157
1340,1,81
1341,5,385
1342,4,309
1343,1,81
1344,7,537
1345,3,233
1346,1,81
1347,3,249
1348,8,613
1349,9,689
1350,2,157
1351,7,537
1352,5,385
1353,7,537
1354,9,689
1355,1,93
1356,4,309
1357,2,157
1358,3,233
1359,3,233
1360,1,81
1361,5,398
1362,9,689
1363,1,81
1364,9,689
1365,3,252
1366,1,96
1367,2,169
1368,0,21
1369,4,324
1370,1,81
1371,10,783
1372,4,309
1373,5,385
1374,29,2209
1375,2,157
1376,6,452
1377,7,537
1378,2,157
1379,2,157
1380,2,157
1381,3,233
1382,4,319
1383,1,90
1384,1,81
1385,0,5
1386,2,157
1387,2,157
1388,3,233
1389,3,233
1390,6,461
1391,6,461
1392,1,75
1393,2,148
1394,4,326
1395,1,96
1396,8,627
1397,0,15
1398,4,309
1399,6,461
1400,1,99
1401,4,309
1402,3,233
1403,2,157
1404,1,81
1405,24,1848
1406,48,3672
1407,15,1153
1408,21,1601
1409,5,385
1410,24,1829
1411,7,537
1412,10,783
1413,0,-64
1414,13,993
1415,0,5
1416,14,1069
1417,1,81
1418,9,689
1419,11,841
1420,5,385
1421,1,81
1422,4,309
1423,0,-16
1424,5,385
1425,5,385
1426,0,11
1427,3,233
1428,5,385
1429,13,993
1430,2,148
1431,9,698
1432,3,242
1433,6,461
1434,6,461
1435,9,689
1436,7,532
1437,11,841
1438,1,81
1439,6,461
1440,8,613
1441,18,1373
1442,5,385
1443,12,918
1444,1,81
1445,1,81
1446,4,309
1447,2,157
1448,3,233
1449,1,81
1450,1,90
1451,0,5
1452,3,233
1453,1,81
1454,1,81
1455,0,-53
1456,1,81
1457,2,157
1458,0,-58
1459,3,237
1460,2,157
1461,6,461
1462,1,79
1463,1,81
1464,12,917
1465,0,-6
1466,17,1294
1467,8,613
1468,1,81
1469,20,1544
1470,6,461
1471,0,6
1472,1,81
1473,6,476
1474,3,228
1475,0,5
1476,5,397
1477,2,157
1478,6,461
1479,1,81
1480,4,309
1481,2,157
1482,0,-55
1483,4,309
1484,14,1069
1485,7,537
1486,6,461
1487,7,537
1488,8,613
1489,3,233
1490,7,537
1491,3,249
1492,4,314
1493,3,233
1494,3,233
1495,5,385
1496,3,233
1497,0,5
1498,3,233
1499,1,81
1500,2,157
1501,9,689
1502,4,309
1503,0,1
1504,11,849
1505,6,461
1506,2,157
1507,2,157
1508,3,233
1509,0,18
1510,4,309
1511,4,289
1512,2,157
1513,0,-64
1514,1,81
1515,2,171
1516,3,213
1517,0,6
1518,0,9
1519,2,138
1520,1,58
1521,8,613
1522,2,137
1523,1,58
1524,2,157
1525,3,233
1526,3,245
1527,1,74
1528,8,613
1529,5,364
1530,1,62
1531,2,157
1532,0,-60
1533,14,1069
1534,2,136
1535,1,81
1536,1,81
1537,1,81
1538,0,-51
1539,4,290
1540,1,81
1541,1,100
1542,2,157
1543,2,137
1544,2,157
1545,0,7
1546,8,593
1547,2,157
1548,10,765
1549,1,60
1550,1,81
1551,2,138
1552,2,157
1553,4,309
1554,3,233
1555,1,81
1556,1,81
1557,14,1087
1558,4,309
1559,2,157
1560,3,233
1561,0,-64
1562,0,13
1563,0,18
1564,6,461
1565,1,81
1566,6,461
1567,4,309
1568,2,138
1569,2,157
1570,7,537
1571,2,157
1572,15,1145
1573,1,81
1574,0,-64
1575,5,385
1576,4,328
1577,0,-64
1578,20,1530
1579,8,621
1580,10,765
1581,10,780
1582,1,100
1583,4,309
1584,3,233
1585,13,993
1586,7,534
1587,11,858
1588,4,309
1589,2,157
1590,6,455
1591,5,385
1592,1,81
1593,1,81
1594,1,81
1595,1,65
1596,6,475
1597,5,378
1598,8,613
1599,1,86
1600,2,157
1601,2,157
1602,1,81
1603,2,165
1604,1,81
1605,1,81
1606,1,81
1607,3,233
1608,1,81
1609,4,309
1610,14,1069
1611,2,157
1612,1,81
1613,2,161
1614,9,689
1615,0,-37
1616,2,157
1617,1,89
1618,0,15
1619,7,551
1620,1,80
1621,13,993
1622,16,1221
1623,9,689
1624,2,157
1625,2,157
1626,6,461
1627,0,-41
1628,2,157
1629,1,81
1630,6,477
1631,0,12
1632,2,157
1633,0,-59
1634,6,461
1635,1,81
1636,4,309
1637,1,81
1638,10,765
1639,0,5
1640,24,1845
1641,5,402
1642,5,395
1643,12,914
1644,2,157
1645,0,-60
1646,9,691
1647,1,98
1648,6,461
1649,5,385
1650,13,993
1651,13,1009
1652,0,5
1653,2,157
1654,0,-61
1655,0,5
1656,8,613
1657,11,842
1658,14,1069
1659,2,157
1660,1,81
1661,1,81
1662,30,2295
1663,1,81
1664,1,81
1665,11,841
1666,0,5
1667,1,99
1668,5,385
1669,1,81
1670,13,1006
1671,9,689
1672,0,24
1673,13,993
1674,0,-64
1675,0,-64
1676,1,81
1677,0,5
1678,1,81
1679,3,233
1680,13,993
1681,4,309
1682,15,1145
1683,1,81
1684,5,385
1685,6,461
1686,26,1981
1687,1,81
1688,4,309
1689,2,169
1690,0,14
1691,3,233
1692,3,233
1693,6,478
1694,7,556
1695,6,479
1696,0,11
1697,9,689
1698,2,157
1699,3,233
1700,10,765
1701,3,233
1702,1,81
1703,10,765
1704,1,81
1705,15,1145
1706,15,1145
1707,8,613
1708,1,81
1709,8,613
1710,24,1829
1711,11,841
1712,12,917
1713,4,309
1714,3,233
1715,4,326
1716,3,233
1717,6,461
1718,9,689
1719,10,765
1720,7,537
1721,6,461
1722,18,1373
1723,14,1069
1724,0,18
1725,2,157
1726,6,461
1727,0,1
1728,20,1525
1729,3,233
1730,8,629
1731,4,309
1732,4,309
1733,8,613
1734,0,5
1735,3,242
1736,0,5
1737,1,81
1738,2,157
1739,7,537
1740,22,1677
1741,7,552
1742,11,841
1743,0,5
1744,0,9
1745,3,233
1746,11,853
1747,6,461
1748,18,1389
1749,15,1161
1750,12,928
1751,9,689
1752,6,461
1753,1,81
1754,4,309
1755,12,917
1756,2,157
1757,1,81
1758,1,81
1759,0,5
1760,4,309
1761,2,157
1762,1,81
1763,1,81
1764,3,233
1765,10,765
1766,0,5
1767,3,233
1768,1,81
1769,4,309
1770,1,81
1771,1,81
1772,1,81
1773,5,385
1774,12,927
1775,0,14
1776,1,81
1777,4,311
1778,1,81
1779,1,81
1780,1,81
1781,0,5
1782,1,81
1783,0,-25
1784,3,233
1785,4,315
1786,2,153
1787,6,461
1788,0,11
1789,4,316
1790,10,765
1791,1,81
1792,8,613
1793,4,301
1794,7,537
1795,0,-19
1796,0,19
1797,3,233
1798,2,163
1799,1,81
1800,0,16
1801,1,96
1802,13,993
1803,3,233
1804,20,1525
1805,0,10
1806,6,471
1807,7,537
1808,3,233
1809,11,849
1810,10,765
1811,11,841
1812,8,613
1813,10,765
1814,1,81
1815,4,309
1816,3,243
1817,16,1239
1818,2,157
1819,1,81
1820,2,173
1821,1,81
1822,0,-3
1823,1,96
1824,1,93
1825,11,841
1826,11,841
1827,4,309
1828,5,385
1829,0,-44
1830,15,1145
1831,8,613
1832,0,-64
1833,9,689
1834,4,309
1835,0,-64
1836,0,-64
1837,0,-64
1838,3,233
1839,1,81
1840,2,157
1841,16,1221
1842,20,1525
1843,9,689
1844,15,1145
1845,4,309
1846,0,5
1847,1,81
1848,1,100
1849,1,81
1850,5,402
1851,4,309
1852,9,699
1853,0,5
1854,0,5
1855,16,1221
1856,21,1601
1857,27,2057
1858,1,81
1859,5,385
1860,10,765
1861,0,5
1862,0,5
1863,17,1297
1864,4,309
1865,0,-49
1866,7,537
1867,3,233
1868,6,461
1869,6,461
1870,23,1753
1871,1,81
1872,0,5
1873,0,-6
1874,1,81
1875,8,613
1876,8,630
1877,3,233
1878,1,81
1879,2,157
1880,10,765
1881,23,1761
1882,5,385
1883,6,461
1884,13,993
1885,25,1905
1886,4,309
1887,4,309
1888,1,95
1889,13,993
1890,12,917
1891,3,230
1892,6,461
1893,2,157
1894,16,1221
1895,8,613
1896,4,309
1897,0,-28
1898,13,993
1899,9,689
1900,10,765
1901,22,1677
1902,0,-16
1903,11,841
1904,4,326
1905,11,840
1906,0,5
1907,4,309
1908,3,233
1909,14,1069
1910,20,1525
1911,1,81
1912,0,-21
1913,7,548
1914,6,465
1915,1,81
1916,26,1981
1917,12,917
1918,1,81
1919,8,613
1920,6,461
1921,29,2205
1922,6,461
1923,3,233
1924,3,233
1925,3,217
1926,3,250
1927,11,841
1928,0,5
1929,19,1449
1930,17,1297
1931,9,686
1932,0,-33
1933,1,81
1934,9,704
1935,19,1461
1936,4,309
1937,2,150
1938,14,1069
1939,12,917
1940,6,473
1941,4,309
1942,1,81
1943,2,157
1944,3,233
1945,2,175
1946,2,157
1947,14,1069
1948,4,309
1949,10,765
1950,2,157
1951,0,-64
1952,4,323
1953,15,1145
1954,4,309
1955,14,1088
1956,0,-35
1957,3,233
1958,2,157
1959,10,765
1960,2,157
1961,27,2057
1962,0,-34
1963,10,765
1964,6,461
1965,0,5
1966,28,2133
1967,10,765
1968,1,81
1969,0,4
1970,6,461
1971,28,2146
1972,12,917
1973,40,3045
1974,9,681
1975,11,841
1976,5,385
1977,0,-43
1978,0,-41
1979,3,233
1980,2,157
1981,48,3653
1982,3,233
1983,22,1659
1984,9,689
1985,28,2133
1986,5,385
1987,11,852
1988,9,689
1989,2,157
1990,8,613
1991,0,5
1992,4,309
1993,1,81
1994,0,-36
1995,7,555
1996,2,157
1997,2,157
1998,1,95
1999,2,157
